รายการ,จำนวน
นครราชสีมา,677
กรุงเทพมหานคร,624
ชลบุรี,592
เชียงใหม่,513
อุบลราชธานี,436
ขอนแก่น,411
ระยอง,403
เชียงราย,378
อุดรธานี,359
สุราษฎร์ธานี,352
ร้อยเอ็ด,339
ปทุมธานี,338
สงขลา,334
นครสวรรค์,314
พิษณุโลก,307
บุรีรัมย์,294
นครปฐม,290
นครศรีธรรมราช,284
สระบุรี,272
พระนครศรีอยุธยา,263
สมุทรปราการ,252
ศรีสะเกษ,251
ราชบุรี,244
เพชรบูรณ์,243
สุรินทร์,242
สกลนคร,237
มหาสารคาม,236
กาญจนบุรี,230
สุพรรณบุรี,222
จันทบุรี,222
ชัยภูมิ,221
นนทบุรี,218
กาฬสินธุ์,210
สมุทรสาคร,200
ลพบุรี,198
ฉะเชิงเทรา,195
สระแก้ว,194
ลำปาง,190
ประจวบคีรีขันธ์,188
ปราจีนบุรี,180
ตรัง,173
ชุมพร,170
กำแพงเพชร,169
เลย,155
เพชรบุรี,154
สุโขทัย,144
แพร่,141
ลำพูน,141
พะเยา,140
ภูเก็ต,139
กระบี่,133
พิจิตร,133
นราธิวาส,131
ตาก,131
นครพนม,129
อุตรดิตถ์,129
ยโสธร,127
หนองบัวลำภู,110
หนองคาย,108
ชัยนาท,105
น่าน,104
พัทลุง,96
ปัตตานี,91
บึงกาฬ,88
นครนายก,85
ยะลา,84
อุทัยธานี,81
มุกดาหาร,79
สิงห์บุรี,71
พังงา,70
อ่างทอง,65
ตราด,62
อำนาจเจริญ,56
สตูล,40
สมุทรสงคราม,34
แม่ฮ่องสอน,29
ระนอง,28
